test_id	chi_square	df	p_value	zone_proportion	baseline_proportion	enrichment_ratio
JAS4_15	1390.1806794001407	1	2.8588649462410587e-304	0.9725461613216715	0.6948542024013722	1.3996406123192655
