variable	observed_statistic	null_mean	null_sd	p_perm	replicates	interpretation
Soil Grade 1 enrichment	0.008017492711370262	0.014833310347555652	0.014843481975430397	0.6465	9999	NOT_SIGNIFICANT
Soil Grades 1-3 enrichment	0.8345481049562682	0.4449489895539603	0.10576261398914928	0.0011	9999	SIGNIFICANT
Elevation <244 m enrichment	0.9725461613216715	0.7365875800408028	0.09097297303075466	0.0033	9999	SIGNIFICANT
Roman Road <5 km enrichment	0.6292517006802721	0.46833901077182544	0.06659489418237494	0.02	9999	SIGNIFICANT
Waterway <2 km enrichment	0.891156462585034	0.969258101709102	0.023284433519592643	0.974	9999	NOT_SIGNIFICANT
