auc_mean	auc_temporal_weighted	auc_sd	ci_lower	ci_upper	negative_samples
0.5947518518518519	0.6135320130688336	0.16388517747286513	0.49041194444444447	0.6953129166666665	20000
