variable	observed_statistic	null_mean	null_sd	p_perm	replicates	interpretation
Soil Grade 1 enrichment	0.008017492711370262	0.014970374588479258	0.01507734231807964	0.6472	9999	NOT_SIGNIFICANT
Soil Grades 1-3 enrichment	0.8345481049562682	0.4449855335387766	0.10581670367678245	0.0011	9999	SIGNIFICANT
Elevation <244 m enrichment	0.9725461613216715	0.736577277747211	0.09093991302778918	0.0033	9999	SIGNIFICANT
Roman Road <5 km enrichment	0.6292517006802721	0.46829036645161115	0.06659544140923225	0.0199	9999	SIGNIFICANT
Waterway <2 km enrichment	0.891156462585034	0.9692600455380816	0.02330981270833513	0.9739	9999	NOT_SIGNIFICANT
