mean_zone_km	mean_baseline_km	mean_diff	p_value
6.034954794895776	7.631388504640766	-1.5964337097449897	0.0001
