scenario	target_year_from	target_year_to	n_validation	n_hits_top15	hit_rate	hit_ci_lower	hit_ci_upper	auc	hit_rate_temporal_weighted	auc_temporal_weighted	n_validation_temporal_weighted	n_validation_effective_temporal	binomial_p_one_sided_vs_csr	posterior_hit_rate_ci_lower	posterior_hit_rate_ci_upper	posterior_prob_hit_rate_gt_csr	n_burial	n_settlement	n_hoard
strict_inside_unweighted	750	954	21	5	0.23809523809523808	0.10627856389112261	0.45091581972345923	0.6392535714285714	nan	nan	nan	nan	0.19747140454813866	0.1072730169844228	0.45331103940239537	0.90093	20	1	0
overlap_unweighted	750	954	27	6	0.2222222222222222	0.10607095489408958	0.4075729546307081	0.5947518518518519	nan	nan	nan	nan	0.20965737342158997	0.10667581390661654	0.4090469436039006	0.884195	20	7	0
overlap_temporal_weighted	750	954	27	6	0.2222222222222222	0.10607095489408958	0.4075729546307081	0.5947518518518519	0.23699054239633666	0.6135320130688336	24.487976375501603	25.64505572301054	nan	nan	nan	nan	20	7	0
