mean_zone_km	mean_baseline_km	mean_diff	p_value
0.8732167099784947	0.4125496110238914	0.4606670989546033	0.0001
